201,"172.21.104.201"
202,"172.21.104.202"
10106,"172.21.110.106"
10107,"172.21.110.107"
119,"172.21.104.119"
10105,"172.21.110.105"
121,"172.21.104.121"
10108,"172.21.110.108"
10109,"172.21.110.109"
10112,"172.21.110.112"
11105,"172.21.111.105"
11109,"172.21.111.109"
11111,"172.21.111.111"
9104,"172.21.109.104"
9108,"172.21.109.108"
9111,"172.21.109.111"
102,"172.21.104.102"
105,"172.21.104.105"
108,"172.21.104.108"
112,"172.21.104.112"
5104,"172.21.105.104"
5108,"172.21.105.108"
5111,"172.21.105.111"
9114,"172.21.109.114"
166186,"10.61.166.186"
166187,"10.61.166.187"
166188,"10.61.166.188"
123,"172.21.104.123"
122,"172.21.104.122"
126,"172.21.104.126"
127,"172.21.104.127"
120102,"172.21.120.102"
100136,"172.21.100.136"
10110,"172.21.110.110"
120105,"172.21.120.105"
10111,"172.21.110.111"
11101,"172.21.111.101"
11102,"172.21.111.102"
11103,"172.21.111.103"
11104,"172.21.111.104"
11106,"172.21.111.106"
11107,"172.21.111.107"
11108,"172.21.111.108"
5101,"172.21.105.101"
5102,"172.21.105.102"
11110,"172.21.111.110"
9101,"172.21.109.101"
9102,"172.21.109.102"
9103,"172.21.109.103"
9105,"172.21.109.105"
9106,"172.21.109.106"
9107,"172.21.109.107"
9109,"172.21.109.109"
118,"172.21.104.118"
10103,"172.21.110.103"
125,"172.21.104.125"
131,"172.21.104.131"
9110,"172.21.109.110"
5103,"172.21.105.103"
100,"172.21.104.100"
129,"172.21.104.129"
101,"172.21.104.101"
103,"172.21.104.103"
104,"172.21.104.104"
106,"172.21.104.106"
107,"172.21.104.107"
109,"172.21.104.109"
110,"172.21.104.110"
111,"172.21.104.111"
113,"172.21.104.113"
114,"172.21.104.114"
5105,"172.21.105.105"
5106,"172.21.105.106"
5107,"172.21.105.107"
5109,"172.21.105.109"
5110,"172.21.105.110"
11112,"172.21.111.112"
9112,"172.21.109.112"
9113,"172.21.109.113"
9115,"172.21.109.115"
116,"172.21.104.116"
117,"172.21.104.117"
10101,"172.21.110.101"
10102,"172.21.110.102"
10104,"172.21.110.104"
115,"172.21.104.115"
124,"172.21.104.124"
128,"172.21.104.128"
132,"172.21.104.132"
142,"172.21.104.142"
120101,"172.21.120.101"
120103,"172.21.120.103"
120104,"172.21.120.104"
140,"172.21.104.140"
141,"172.21.104.141"
143,"172.21.104.143"
120150,"172.21.120.150"
